<?xml version="1.0" encoding="utf-8"?>
<prefix label="Open wall" language_label="Dutch" language_tag="nl" name="openwall">
    <key name="main_menu_item">
        <value>Open wall</value>
    </key>
    <key name="index_page_title">
        <value>Open wall</value>
    </key>
    <key name="index_page_heading">
        <value>Welcome to SPOD</value>
    </key>
    <key name="admin_title">
        <value>Openwall Settings</value>
    </key>
    <key name="admin_heading">
        <value>OPENWALL - PLUGIN SETTINGS</value>
    </key>
    <key name="add_key_submit">
        <value>ADD PROVIDER</value>
    </key>
    <key name="front_description">
        <value>The Social Platform for Open Data (SPOD) enables social interactions among citizens around open datasets coming from different sources (dataset providers). Beside a traditional social network, the discussions are organized in "Public Rooms", grouped in the Agora. Each user has also a personal space, called "My space", where it is possible to place visualization of open datasets, URLs and notes so that they can be re-used later in discussions. You can practice writing your status in "What's new" where all the activities of all the users are shown. Enjoy it!</value>
    </key>
    <key name="activities">
        <value>Activities</value>
    </key>
    <key name="users_online">
        <value>The number of users online is:</value>
    </key>
    <key name="last_room">
        <value>The last public room created in the Agora is:</value>
    </key>
    <key name="meet_datalet">
        <value>Meet the Datalets!</value>
    </key>
    <key name="datalet_description">
        <value>A &lt;b&gt;datalet&lt;/b&gt; is a reusable component able to load data from an Open Data source, filter it and visualise it. Datalets are the building block of discussions in SPOD. On the right, you can see the latest datalet created in our platform.</value>
    </key>
    <key name="explore_datasets_heading">
        <value>Explore Associated Dataset Providers</value>
    </key>
    <key name="explore_datasets_instructions">
        <value>&lt;p&gt;You can now explore our &lt;i&gt;associated dataset providers&lt;/i&gt;. Click on a rectangle below to refine your research and find a dataset of your interest. Rectangle sizes is proportional to the number of dataset available. You can dig down until a preview of the dataset will appear. If you want to navigate back to the top level, just click the top bar.&lt;/p&gt;
&lt;p&gt;Associated dataset providers are:&lt;/p&gt;</value>
    </key>
</prefix>
