<?xml version="1.0" encoding="utf-8"?>
<prefix label="Open wall" language_label="Dutch" language_tag="nl" name="openwall">
    <key name="main_menu_item">
        <value>Open wall</value>
    </key>
    <key name="index_page_title">
        <value>Open wall</value>
    </key>
    <key name="index_page_heading">
        <value>Welkom</value>
    </key>
    <key name="admin_title">
        <value>Openwall Instellingen</value>
    </key>
    <key name="admin_heading">
        <value>OPENWALL - PLUGIN INSTELLINGEN</value>
    </key>
    <key name="add_key_submit">
        <value>TOEVOEGEN PROVIDER</value>
    </key>
    <key name="front_description">
        <value>Het Sociaal Platform voor Open Data (SPOD) maakt sociale interactie tussen burgers rondom open data van verschillende bronnen mogelijk. Naast een traditioneel sociaal netwerk,  zijn de discussies  georganiseerd in zogenaamde Publieke Ruimtes, te vinden in de Agora. Elke gebruiker heeft ook een eigen persoonlijke ruimte, genaamd Mijn ruimte. In Mijn ruimte is het mogelijk om visualisaties van open datasets te maken en te bewaren, interessante links (URLs) te plaatsen en aantekeningen te maken, die later in een discussie (her)gebruikt kunnen worden. U kunt uw status toevoegen bij "Wat is nieuw", waar alle activiteiten van gebruikers te zien zijn. Veel plezier!</value>
    </key>
    <key name="activities">
        <value>Activiteiten</value>
    </key>
    <key name="users_online">
        <value>Dit zijn de recente activiteiten in SPOD. Er zijn gebruikers online:</value>
    </key>
    <key name="last_room">
        <value>De laatst aangemaakte Publieke ruimte in Agora heet:</value>
    </key>
    <key name="meet_datalet">
        <value>Ontmoet de datalets!</value>
    </key>
    <key name="datalet_description">
        <value><![CDATA[Een &lt;b&gt;datalet&lt;/b&gt; is een herbruikbaar element die de data direct vanuit een open data bron kan inlezen, filteren en visualiseren. Datalets zijn de bouwstenen van de discussie in SPOD. Rechts kunt u de meest recente datalet zien die gemaakt is op het platform.]]></value>
    </key>
    <key name="explore_datasets_heading">
        <value>Onderzoek aangesloten dataset aanbieders</value>
    </key>
    <key name="explore_datasets_instructions">
        <value><![CDATA[&lt;p&gt;U kunt nu aangesloten data aanbieders bekijken. Klik op een van de onderstaande rechthoeken om het zoeken te verfijnen. De grootte van de rechthoek hangt samen met de hoeveelheid datasets die beschikbaar zijn. Door steeds verder te klikken, komt u bij een voorbeeld van de dataset.&lt;/p&gt;&lt;p&gt;Als u terug wilt, klikt u op de bovenste balk:&lt;/p&gt;]]></value>
    </key>
</prefix>
