<?xml version="1.0" encoding="utf-8"?>
<prefix label="Open wall" language_label="Italian" language_tag="it" name="openwall">
    <key name="main_menu_item">
        <value>Bacheca</value>
    </key>
    <key name="index_page_title">
        <value>Bacheca</value>
    </key>
    <key name="index_page_heading">
        <value>Benvenuto in SPOD</value>
    </key>
    <key name="admin_title">
        <value>Impostazioni bacheca</value>
    </key>
    <key name="admin_heading">
        <value>BACHECA - IMPOSTAZIONI PLUGIN</value>
    </key>
    <key name="add_key_submit">
        <value>AGGIUNGI PROVIDER</value>
    </key>
    <key name="front_description">
        <value>Social Platform for Open Data (SPOD) consente ai cittadini di interagire sui dataset di open data considerati da fonti differenti. Rispetto ai tradizionali social network, le discussioni sono organizzare in “Stanze Pubbliche”, raggruppate nell ‘Agora. Ogni utente ha uno spazio personale, denominato “Spazio privato”, in cui è possibile aggiungere visualizzazioni di datasets di open data, indirizzi web e note da riutilizzare successivamente in una discussione. Puoi iniziare a scrivere il tuo stato nella pagina “Novità”, in cui vengono mostrate le attività di tutti gli utenti. Divertiti!</value>
    </key>
    <key name="activities">
        <value>Le attività</value>
    </key>
    <key name="users_online">
        <value>Il numero di utenti online è:</value>
    </key>
    <key name="last_room">
        <value>L'ultima Stanza Pubblica creata in Agorà è:</value>
    </key>
    <key name="meet_datalet">
        <value>Incontra le Datalets!</value>
    </key>
    <key name="datalet_description">
        <value><![CDATA[Una &lt;b&gt;datalet&lt;/b&gt; è una componente riutilizzabile che permette di caricare i dati da fonti di Open Data, filtrali e visualizzarli. Le Datalets sono blocchi di discussioni in SPOD. A destra, puoi vedere l’ultima datalet creata nella nostra piattaforma.]]></value>
    </key>
    <key name="explore_datasets_heading">
        <value>Esplora i portali di datasets associati</value>
    </key>
    <key name="explore_datasets_instructions">
        <value><![CDATA[&lt;p&gt;Puoi esplorare i nostri portali di dataset associati . Clicca su un rettangolo in basso per la tua ricerca e puoi trovare il dataset cercato. Le dimensioni del rettangolo sono proporzionali al numero di datasets disponibili. Si può continuare a cliccare fino a quando un'anteprima del dataset si visualizzerà. Se vuoi tornare indietro, al livello superiore, è sufficiente fare clic sulla barra superiore.&lt;/p&gt;&lt;p&gt;I portali di datasets associati:&lt;/p&gt;]]></value>
    </key>
    <key name="oid_login">
    	<value>Login</value>
    </key>
    <key name="oid_email">
    	<value>Email</value>
    </key>
    <key name="oid_password">
    	<value>Password</value>
    </key>
    <key name="oid_submit">
    	<value>Accedi</value>
    </key>
    <key name="oid_forgot">
    	<value>Password dimenticata</value>
    </key>
    <key name="oid_register">
    	<value>Nuovo utente? Registrati adesso</value>
    </key>
	<key name="oid_authentication_message">
    	<value>Per partecipare alle discussioni su SPOD, accedi con le tue credenziali, o clicca sul collegamento in basso per iscriverti.</value>
    </key>
</prefix>