<?xml version="1.0" encoding="utf-8"?>
<prefix label="Open wall" language_label="French" language_tag="fr" name="openwall">
    <key name="main_menu_item">
        <value>Open wall</value>
    </key>
    <key name="index_page_title">
        <value>Open wall</value>
    </key>
    <key name="index_page_heading">
        <value>Bienvenue sur le SPOD</value>
    </key>
    <key name="admin_title">
        <value>Openwall Paramètres</value>
    </key>
    <key name="admin_heading">
        <value>OPENWALL - PLUGIN PARAMETRES</value>
    </key>
    <key name="add_key_submit">
        <value>AJOUTER PROVIDER</value>
    </key>
    <key name="front_description">
        <value>La plateforme sociale dévolue aux données ouvertes. Le SPOD permet  à tous les citoyens d'interagir, d'engager des reflexions collectives autour de jeux de données ouvertes. Ces jeux peuvent être issus du même fournisseur ou de fournisseurs différents (jeux de données croisés). Les discussions sur le SPOD s'effectuent dans des "Espaces Publics". Ces espaces sont regroupés au sein de "l'Agora". Chaque utilisateur dispose d'un espace personnel initulé "mon espace" dans lequel il peut effectuer des visualisations de jeux de données, importer des URLs et  prendre des notes qui pourront être ré-utilisées ultérieurement dans les discussions. Il lui également possible d'indiquer sont statut dans la section "quoi de nouveau ?" où les activités, de tous les utilisateurs sont exposées. Allez y ! Profitez en !</value>
    </key>
    <key name="activities">
        <value>Activités</value>
    </key>
    <key name="users_online">
        <value>TIci vous trouverez les récentes activités du SPOD. Il y utilisateurs en ligne widget:</value>
    </key>
    <key name="last_room">
        <value>TL'espace public le plus récemment créé dans l'Agora s'intitule:</value>
    </key>
    <key name="meet_datalet">
        <value>A la rencontre des Datalets !</value>
    </key>
    <key name="datalet_description">
        <value>Une &lt;b&gt;datalet&lt;/b&gt; est un composant réutilisable qui permet de charger des données directement à partir de fichiers sources Open Data, de les filtrer et de les visualiser. Les datalets sont représentés par des blocs de discussions dans le SPOD. A droite, vous pouvez voir le datalet le plus récemment créé sur notre plateforme.</value>
    </key>
    <key name="explore_datasets_heading">
        <value>Explorer les jeux de données des fournisseurs</value>
    </key>
    <key name="explore_datasets_instructions">
        <value>&lt;p&gt;Vous pouvez maintenant explorer et associer les jeux de données des fournisseurs. Cliquez sur le rectangle en dessous afin d'affiner votre recherche et trouvez le jeu de données qui vous intéresse. La taille du rectangle est proportionnelle au nombre de jeux de données disponibles. Vous pouvez approfondir jusqu'à ce qu'un aperçu du jeu de données apparaisse. Si vous souhaitez naviguer du bas vers le niveau supérieur, clicquez sur la barre supérieure.&lt;/p&gt;&lt;p&gt;Les jeux de données associés des fournisseurs sont:&lt;/p&gt;</value>
    </key>
</prefix>
