<?xml version="1.0" encoding="utf-8"?>
<prefix name="openwall" label="Open wall" language_tag="es-ES" language_label="Spanish">
	<key name="activities">
		<value>Actividades</value>
	</key>
	<key name="add_key_submit">
		<value>AGREGA PROVEEDOR</value>
	</key>
	<key name="admin_heading">
		<value>Muro abierto- Configuración del complemento</value>
	</key>
	<key name="admin_title">
		<value>Ajustes de muro abierto</value>
	</key>
	<key name="datalet_description">
		<value>A &amp;lt;b&amp;gt;datalet&amp;lt;/b&amp;gt; es un componente reutilizable capaz de cargar datos desde una fuente Open Data, filtrarla y visualizarla. Los Datalets son la base fundamental de las discusiones en SPOD. A la derecha puedes ver el último datalet creado en nuestra plataforma.</value>
	</key>
	<key name="explore_datasets_heading">
		<value>Explorar proveedores de datasets asociados</value>
	</key>
	<key name="explore_datasets_instructions">
		<value>&amp;lt;p&amp;gt; Ahora tu puedes explorar nuestro &amp;lt;i&amp;gt;proveedores de datasets asociados &amp;lt;/i&amp;gt;.  Haz clic en un rectángulo que aparece a continuación para refinar tu búsqueda y encontrar un dataset de tu interés. El tamaño del rectángulo es proporcional al número de datasets disponibles. Puedes explorar hasta que aparezca una vista previa del dataset. Si deseas volver al nivel superior, haz clic en la barra superior.&amp;lt;/p&amp;gt;&amp;lt;p&amp;gt; Los proveedores de datasets asociados son:&amp;lt;/p&amp;gt;</value>
	</key>
	<key name="front_description">
		<value>La Plataforma Social para Datos Abiertos (SPOD) permite interacciones sociales entre ciudadanos alrededor de datasets abiertos procedentes de diferentes fuentes (proveedores de datasets). Además de la tradicional red social, las discusiones se organizan en "salas públicas" agrupadas en el Ágora. Cada usuario tiene también un espacio personal llamado "Mi espacio", donde es posible colocar la visualización de datasets abiertos, URLs y notas para que puedan ser reutilizadas posteriormente en discusiones. Puedes practicar escribiendo tu estado en "Qué hay de nuevo" donde se muestran todas las actividades de todos los usuarios. ¡Disfrútalo!</value>
	</key>
	<key name="index_page_heading">
		<value>Bienvenido a SPOD</value>
	</key>
	<key name="index_page_title">
		<value>Abre muro</value>
	</key>
	<key name="last_room">
		<value>La última sala pública creada en el ágora es:</value>
	</key>
	<key name="main_menu_item">
		<value>Abre muro</value>
	</key>
	<key name="meet_datalet">
		<value>¡Conoce los Datalets!</value>
	</key>
	<key name="oid_email">
		<value>Correo electrónico</value>
	</key>
	<key name="oid_forgot">
		<value>Olvidé mi contraseña</value>
	</key>
	<key name="oid_login">
		<value>Iniciar sesión</value>
	</key>
	<key name="oid_password">
		<value>Contraseña</value>
	</key>
	<key name="oid_register">
		<value>¿Nuevo usuario? Registrate aquí</value>
	</key>
	<key name="oid_submit">
		<value>Ingresar</value>
	</key>
	<key name="users_online">
		<value>El número de usuarios en línea es:</value>
	</key>
	<key name="oid_authentication_message">
    	<value>Para unirte a las discusiones sobre SPOD, inicia sesión con tus credenciales, o haz clic en el enlace de abajo para registrarte.</value>
    </key>
</prefix>